<?xml version="1.0" encoding="UTF-8"?>
<project-private xmlns="http://www.netbeans.org/ns/project-private/1">
    <editor-bookmarks xmlns="http://www.netbeans.org/ns/editor-bookmarks/2" lastBookmarkId="0"/>
    <open-files xmlns="http://www.netbeans.org/ns/projectui-open-files/2">
        <group>
            <file>file:/home/drmsugano/Projetos/2024_ADS_Topicos/2024_ADS_TopEsp/src/visao/ProdutoGerenciar.java</file>
            <file>file:/home/drmsugano/Projetos/2024_ADS_Topicos/2024_ADS_TopEsp/src/visao/CategoriaProdutoAlterar.java</file>
            <file>file:/home/drmsugano/Projetos/2024_ADS_Topicos/2024_ADS_TopEsp/src/controlador/ProdutoCategoriaDao.java</file>
            <file>file:/home/drmsugano/Projetos/2024_ADS_Topicos/2024_ADS_TopEsp/src/visao/ProdutoAlterar.java</file>
            <file>file:/home/drmsugano/Projetos/2024_ADS_Topicos/2024_ADS_TopEsp/src/visao/CategoriaProdutoGerenciar.java</file>
            <file>file:/home/drmsugano/Projetos/2024_ADS_Topicos/2024_ADS_TopEsp/src/controlador/UsuarioDao.java</file>
            <file>file:/home/drmsugano/Projetos/2024_ADS_Topicos/2024_ADS_TopEsp/src/controlador/ProdutoDao.java</file>
        </group>
    </open-files>
</project-private>
